
INSERT INTO hf_sc_tags (tag_id, tag_name, nbuse) VALUES
(1, 'install', 1);


INSERT INTO hf_sc_tags_tagged (tt_id, tag_id, tt_scope_id, tt_subject_id) VALUES
(1, 1, 'forumscope', 1);


INSERT INTO hf_search_words (id, words, weight) VALUES
(1, 'first', 1),
(1, 'life', 2),
(1, 'new', 2),
(1, 'start', 2),
(1, 'and', 2),
(1, 'remov', 2),
(1, 'now', 2),
(1, 'complet', 2),
(1, 'instal', 2),
(1, 'your', 2),
(1, 'that', 2),
(1, 'conclud', 2),
(1, 'can', 4),
(1, 'post', 5),
(1, 'thi', 4),
(1, 'read', 2),
(1, 'you', 6);


--- TODO VERIFIER
INSERT INTO hf_jacl2_group (id_aclgrp, name, grouptype, ownerlogin) VALUES
(1, 'admins', 0, NULL),
(2, 'users', 1, NULL),
(3, 'moderators', 0, NULL);


INSERT INTO hf_jacl2_rights (id_aclsbj, id_aclgrp, id_aclres) VALUES
('acl.group.create', 1, ''),
('acl.group.delete', 1, ''),
('acl.group.modify', 1, ''),
('acl.group.view', 1, ''),
('acl.user.modify', 1, ''),
('acl.user.view', 1, ''),
('auth.user.change.password', 1, ''),
('auth.user.change.password', 2, ''),
('auth.user.modify', 1, ''),
('auth.user.modify', 2, ''),
('auth.user.view', 1, ''),
('auth.user.view', 2, ''),
('auth.users.change.password', 1, ''),
('auth.users.create', 1, ''),
('auth.users.delete', 1, ''),
('auth.users.list', 1, ''),
('auth.users.modify', 1, ''),
('auth.users.view', 1, ''),
('hfnu.admin.post', 1, ''),
('hfnu.admin.post', 3, ''),
('hfnu.forum.goto', 1, ''),
('hfnu.forum.goto', 2, ''),
('hfnu.forum.goto', 3, ''),
('hfnu.forum.list', 0, 'forum1'),
('hfnu.forum.list', 0, 'forum2'),
('hfnu.forum.list', 0, 'forum3'),
('hfnu.forum.list', 0, 'forum4'),
('hfnu.forum.list', 1, 'forum1'),
('hfnu.forum.list', 1, 'forum2'),
('hfnu.forum.list', 1, 'forum3'),
('hfnu.forum.list', 1, 'forum4'),
('hfnu.forum.list', 2, 'forum1'),
('hfnu.forum.list', 2, 'forum2'),
('hfnu.forum.list', 2, 'forum3'),
('hfnu.forum.list', 2, 'forum4'),
('hfnu.forum.list', 3, 'forum1'),
('hfnu.forum.list', 3, 'forum2'),
('hfnu.forum.list', 3, 'forum3'),
('hfnu.forum.list', 3, 'forum4'),
('hfnu.forum.view', 0, 'forum1'),
('hfnu.forum.view', 0, 'forum2'),
('hfnu.forum.view', 0, 'forum3'),
('hfnu.forum.view', 0, 'forum4'),
('hfnu.forum.view', 1, 'forum1'),
('hfnu.forum.view', 1, 'forum2'),
('hfnu.forum.view', 1, 'forum3'),
('hfnu.forum.view', 1, 'forum4'),
('hfnu.forum.view', 2, 'forum1'),
('hfnu.forum.view', 2, 'forum2'),
('hfnu.forum.view', 2, 'forum3'),
('hfnu.forum.view', 2, 'forum4'),
('hfnu.forum.view', 3, 'forum1'),
('hfnu.forum.view', 3, 'forum2'),
('hfnu.forum.view', 3, 'forum3'),
('hfnu.forum.view', 3, 'forum4'),
('hfnu.member.list', 1, ''),
('hfnu.member.list', 2, ''),
('hfnu.member.list', 3, ''),
('hfnu.member.search', 1, ''),
('hfnu.member.search', 2, ''),
('hfnu.member.search', 3, ''),
('hfnu.member.view', 1, ''),
('hfnu.member.view', 2, ''),
('hfnu.member.view', 3, ''),
('hfnu.posts.create', 1, 'forum1'),
('hfnu.posts.create', 1, 'forum2'),
('hfnu.posts.create', 1, 'forum3'),
('hfnu.posts.create', 1, 'forum4'),
('hfnu.posts.create', 2, 'forum1'),
('hfnu.posts.create', 2, 'forum2'),
('hfnu.posts.create', 2, 'forum3'),
('hfnu.posts.create', 2, 'forum4'),
('hfnu.posts.create', 3, 'forum1'),
('hfnu.posts.create', 3, 'forum2'),
('hfnu.posts.create', 3, 'forum3'),
('hfnu.posts.create', 3, 'forum4'),
('hfnu.posts.delete', 1, 'forum1'),
('hfnu.posts.delete', 1, 'forum2'),
('hfnu.posts.delete', 1, 'forum3'),
('hfnu.posts.delete', 1, 'forum4'),
('hfnu.posts.edit', 1, 'forum1'),
('hfnu.posts.edit', 1, 'forum2'),
('hfnu.posts.edit', 1, 'forum3'),
('hfnu.posts.edit', 1, 'forum4'),
('hfnu.posts.edit', 3, 'forum1'),
('hfnu.posts.edit', 3, 'forum2'),
('hfnu.posts.edit', 3, 'forum3'),
('hfnu.posts.edit', 3, 'forum4'),
('hfnu.posts.edit.own', 1, 'forum1'),
('hfnu.posts.edit.own', 1, 'forum2'),
('hfnu.posts.edit.own', 1, 'forum3'),
('hfnu.posts.edit.own', 1, 'forum4'),
('hfnu.posts.edit.own', 2, 'forum1'),
('hfnu.posts.edit.own', 2, 'forum2'),
('hfnu.posts.edit.own', 2, 'forum3'),
('hfnu.posts.edit.own', 2, 'forum4'),
('hfnu.posts.edit.own', 3, 'forum1'),
('hfnu.posts.edit.own', 3, 'forum2'),
('hfnu.posts.edit.own', 3, 'forum3'),
('hfnu.posts.edit.own', 3, 'forum4'),
('hfnu.posts.list', 0, 'forum1'),
('hfnu.posts.list', 0, 'forum2'),
('hfnu.posts.list', 0, 'forum3'),
('hfnu.posts.list', 0, 'forum4'),
('hfnu.posts.list', 1, 'forum1'),
('hfnu.posts.list', 1, 'forum2'),
('hfnu.posts.list', 1, 'forum3'),
('hfnu.posts.list', 1, 'forum4'),
('hfnu.posts.list', 2, 'forum1'),
('hfnu.posts.list', 2, 'forum2'),
('hfnu.posts.list', 2, 'forum3'),
('hfnu.posts.list', 2, 'forum4'),
('hfnu.posts.list', 3, 'forum1'),
('hfnu.posts.list', 3, 'forum2'),
('hfnu.posts.list', 3, 'forum3'),
('hfnu.posts.list', 3, 'forum4'),
('hfnu.posts.notify', 1, 'forum1'),
('hfnu.posts.notify', 1, 'forum2'),
('hfnu.posts.notify', 1, 'forum3'),
('hfnu.posts.notify', 1, 'forum4'),
('hfnu.posts.notify', 2, 'forum1'),
('hfnu.posts.notify', 2, 'forum2'),
('hfnu.posts.notify', 2, 'forum3'),
('hfnu.posts.notify', 2, 'forum4'),
('hfnu.posts.notify', 3, 'forum1'),
('hfnu.posts.notify', 3, 'forum2'),
('hfnu.posts.notify', 3, 'forum3'),
('hfnu.posts.notify', 3, 'forum4'),
('hfnu.posts.quote', 1, 'forum1'),
('hfnu.posts.quote', 1, 'forum2'),
('hfnu.posts.quote', 1, 'forum3'),
('hfnu.posts.quote', 1, 'forum4'),
('hfnu.posts.quote', 2, 'forum1'),
('hfnu.posts.quote', 2, 'forum2'),
('hfnu.posts.quote', 2, 'forum3'),
('hfnu.posts.quote', 2, 'forum4'),
('hfnu.posts.quote', 3, 'forum1'),
('hfnu.posts.quote', 3, 'forum2'),
('hfnu.posts.quote', 3, 'forum3'),
('hfnu.posts.quote', 3, 'forum4'),
('hfnu.posts.reply', 1, 'forum1'),
('hfnu.posts.reply', 1, 'forum2'),
('hfnu.posts.reply', 1, 'forum3'),
('hfnu.posts.reply', 1, 'forum4'),
('hfnu.posts.reply', 2, 'forum1'),
('hfnu.posts.reply', 2, 'forum2'),
('hfnu.posts.reply', 2, 'forum3'),
('hfnu.posts.reply', 2, 'forum4'),
('hfnu.posts.reply', 3, 'forum1'),
('hfnu.posts.reply', 3, 'forum2'),
('hfnu.posts.reply', 3, 'forum3'),
('hfnu.posts.reply', 3, 'forum4'),
('hfnu.posts.view', 0, 'forum1'),
('hfnu.posts.view', 0, 'forum2'),
('hfnu.posts.view', 0, 'forum3'),
('hfnu.posts.view', 0, 'forum4'),
('hfnu.posts.view', 1, 'forum1'),
('hfnu.posts.view', 1, 'forum2'),
('hfnu.posts.view', 1, 'forum3'),
('hfnu.posts.view', 1, 'forum4'),
('hfnu.posts.view', 2, 'forum1'),
('hfnu.posts.view', 2, 'forum2'),
('hfnu.posts.view', 2, 'forum3'),
('hfnu.posts.view', 2, 'forum4'),
('hfnu.posts.view', 3, 'forum1'),
('hfnu.posts.view', 3, 'forum2'),
('hfnu.posts.view', 3, 'forum3'),
('hfnu.posts.view', 3, 'forum4'),
('hfnu.posts.rss', 0, 'forum1'),
('hfnu.posts.rss', 0, 'forum2'),
('hfnu.posts.rss', 0, 'forum3'),
('hfnu.posts.rss', 0, 'forum4'),
('hfnu.posts.rss', 1, 'forum1'),
('hfnu.posts.rss', 1, 'forum2'),
('hfnu.posts.rss', 1, 'forum3'),
('hfnu.posts.rss', 1, 'forum4'),
('hfnu.posts.rss', 2, 'forum1'),
('hfnu.posts.rss', 2, 'forum2'),
('hfnu.posts.rss', 2, 'forum3'),
('hfnu.posts.rss', 2, 'forum4'),
('hfnu.posts.rss', 3, 'forum1'),
('hfnu.posts.rss', 3, 'forum2'),
('hfnu.posts.rss', 3, 'forum3'),
('hfnu.posts.rss', 3, 'forum4'),
('hfnu.search', 0, ''),
('hfnu.search', 1, ''),
('hfnu.search', 2, ''),
('hfnu.search', 3, ''),



INSERT INTO hf_jacl2_subject (id_aclsbj, label_key) VALUES
('acl.group.create', 'jelix~acl2db.acl.group.create'),
('acl.group.delete', 'jelix~acl2db.acl.group.delete'),
('acl.group.modify', 'jelix~acl2db.acl.group.modify'),
('acl.group.view', 'jelix~acl2db.acl.group.view'),
('acl.user.modify', 'jelix~acl2db.acl.user.modify'),
('acl.user.view', 'jelix~acl2db.acl.user.view'),
('auth.user.change.password', 'jelix~auth.acl.user.change.password'),
('auth.user.modify', 'jelix~auth.acl.user.modify'),
('auth.user.view', 'jelix~auth.acl.user.view'),
('auth.users.change.password', 'jelix~auth.acl.users.change.password'),
('auth.users.create', 'jelix~auth.acl.users.create'),
('auth.users.delete', 'jelix~auth.acl.users.delete'),
('auth.users.list', 'jelix~auth.acl.users.list'),
('auth.users.modify', 'jelix~auth.acl.users.modify'),
('auth.users.view', 'jelix~auth.acl.users.view'),
('hfnu.admin.post', 'havefnubb~acl2.admin.post'),
('hfnu.category.list', 'havefnubb~acl2.category.list'),
('hfnu.category.view', 'havefnubb~acl2.category.view'),
('hfnu.forum.goto', 'havefnubb~acl2.forum.goto'),
('hfnu.forum.list', 'havefnubb~acl2.forum.list'),
('hfnu.forum.view', 'havefnubb~acl2.forum.view'),
('hfnu.member.list', 'havefnubb~acl2.member.list'),
('hfnu.member.search', 'havefnubb~acl2.member.search'),
('hfnu.member.view', 'havefnubb~acl2.member.view'),
('hfnu.posts.create', 'havefnubb~acl2.posts.create'),
('hfnu.posts.delete', 'havefnubb~acl2.posts.delete'),
('hfnu.posts.edit', 'havefnubb~acl2.posts.edit'),
('hfnu.posts.list', 'havefnubb~acl2.posts.list'),
('hfnu.posts.moderate', 'havefnubb~acl2.posts.moderate'),
('hfnu.posts.notify', 'havefnubb~acl2.posts.notify'),
('hfnu.posts.quote', 'havefnubb~acl2.posts.quote'),
('hfnu.posts.reply', 'havefnubb~acl2.posts.reply'),
('hfnu.posts.view', 'havefnubb~acl2.posts.view'),
('hfnu.posts.rss', 'havefnubb~acl2.posts.rss'),
('hfnu.search', 'havefnubb~acl2.search'),
('hfnu.posts.edit.own', 'havefnubb~acl2.posts.edit.own'),






